<metadata xml:lang="en"><Esri><CreaDate>20220429</CreaDate><CreaTime>11282900</CreaTime><ArcGISFormat>1.0</ArcGISFormat><SyncOnce>FALSE</SyncOnce><DataProperties><itemProps><itemName Sync="TRUE">BOEM_MHKLeasesandPlanningAreas</itemName><imsContentType Sync="TRUE">002</imsContentType><itemLocation><linkage Sync="TRUE">file://\\IOEVASTLT052117\C$\GIS Working\Offshore Wind Layers\ShapefileExport\Current\BOEM_MHKLeasesandPlanningAreas.shp</linkage><protocol Sync="TRUE">Local Area Network</protocol></itemLocation><itemSize Sync="TRUE">0.000</itemSize></itemProps><coordRef><type Sync="TRUE">Geographic</type><geogcsn Sync="TRUE">GCS_WGS_1984</geogcsn><csUnits Sync="TRUE">Angular Unit: Degree (0.017453)</csUnits><peXml Sync="TRUE">&lt;GeographicCoordinateSystem xsi:type='typens:GeographicCoordinateSystem' xmlns:xsi='http://www.w3.org/2001/XMLSchema-instance' xmlns:xs='http://www.w3.org/2001/XMLSchema' xmlns:typens='http://www.esri.com/schemas/ArcGIS/2.7.0'&gt;&lt;WKT&gt;GEOGCS[&amp;quot;GCS_WGS_1984&amp;quot;,DATUM[&amp;quot;D_WGS_1984&amp;quot;,SPHEROID[&amp;quot;WGS_1984&amp;quot;,6378137.0,298.257223563]],PRIMEM[&amp;quot;Greenwich&amp;quot;,0.0],UNIT[&amp;quot;Degree&amp;quot;,0.0174532925199433],AUTHORITY[&amp;quot;EPSG&amp;quot;,4326]]&lt;/WKT&gt;&lt;XOrigin&gt;-400&lt;/XOrigin&gt;&lt;YOrigin&gt;-400&lt;/YOrigin&gt;&lt;XYScale&gt;11258999068426.238&lt;/XYScale&gt;&lt;ZOrigin&gt;-100000&lt;/ZOrigin&gt;&lt;ZScale&gt;10000&lt;/ZScale&gt;&lt;MOrigin&gt;-100000&lt;/MOrigin&gt;&lt;MScale&gt;10000&lt;/MScale&gt;&lt;XYTolerance&gt;8.983152841195215e-09&lt;/XYTolerance&gt;&lt;ZTolerance&gt;0.001&lt;/ZTolerance&gt;&lt;MTolerance&gt;0.001&lt;/MTolerance&gt;&lt;HighPrecision&gt;true&lt;/HighPrecision&gt;&lt;LeftLongitude&gt;-180&lt;/LeftLongitude&gt;&lt;WKID&gt;4326&lt;/WKID&gt;&lt;LatestWKID&gt;4326&lt;/LatestWKID&gt;&lt;/GeographicCoordinateSystem&gt;</peXml></coordRef><lineage><Process ToolSource="c:\program files\arcgis\pro\Resources\ArcToolbox\toolboxes\Conversion Tools.tbx\FeatureClassToFeatureClass" Date="20220429" Time="112830">FeatureClassToFeatureClass "BOEM MHK Leases and Planning Areas" "C:\GIS Working\Offshore Wind Layers\BOEMWindLayers_4Download.gdb" BOEM_MHKLeasesandPlanningAreas # "LEASE_NUMBER "Lease Number" true true false 50 Text 0 0,First,#,BOEM MHK Leases and Planning Areas,LEASE_NUMBER,0,50;LEASE_TYPE "Lease_Type" true true false 50 Text 0 0,First,#,BOEM MHK Leases and Planning Areas,LEASE_TYPE,0,50;RESOURCE "Resource" true true false 50 Text 0 0,First,#,BOEM MHK Leases and Planning Areas,RESOURCE,0,50;COMPANY "Company" true true false 80 Text 0 0,First,#,BOEM MHK Leases and Planning Areas,COMPANY,0,80;LEASE_NUMBER_COMPANY "Lease Number with Company Name" true true false 200 Text 0 0,First,#,BOEM MHK Leases and Planning Areas,LEASE_NUMBER_COMPANY,0,200;LEASE_DATE "Lease_Date" true true false 20 Text 0 0,First,#,BOEM MHK Leases and Planning Areas,LEASE_DATE,0,20;LEASE_TERM "Lease_Term" true true false 50 Text 0 0,First,#,BOEM MHK Leases and Planning Areas,LEASE_TERM,0,50;PROJECT_EASEMENT "Project Easement" true true false 50 Text 0 0,First,#,BOEM MHK Leases and Planning Areas,PROJECT_EASEMENT,0,50;STATE "State" true true false 50 Text 0 0,First,#,BOEM MHK Leases and Planning Areas,STATE,0,50;PROTRACTION_NUMBER "Protraction Number" true true false 7 Text 0 0,First,#,BOEM MHK Leases and Planning Areas,PROTRACTION_NUMBER,0,7;PROTRACTION_NAME "Name of Protraction Diagram" true true false 50 Text 0 0,First,#,BOEM MHK Leases and Planning Areas,PROTRACTION_NAME,0,50;BLOCK_NUMBER "Block Number" true true false 6 Text 0 0,First,#,BOEM MHK Leases and Planning Areas,BLOCK_NUMBER,0,6;BLOCK_LABEL "Block Label" true true false 6 Text 0 0,First,#,BOEM MHK Leases and Planning Areas,BLOCK_LABEL,0,6;SUB_BLOCK "Sub Block" true true false 5 Text 0 0,First,#,BOEM MHK Leases and Planning Areas,SUB_BLOCK,0,5;ADDITIONAL_INFORMATION "Additional Information" true true false 250 Text 0 0,First,#,BOEM MHK Leases and Planning Areas,ADDITIONAL_INFORMATION,0,250;LEASE_DOCUMENT1 "Lease Document1 Link" true true false 254 Text 0 0,First,#,BOEM MHK Leases and Planning Areas,LEASE_DOCUMENT1,0,254;LEASE_DOCUMENT2 "Lease Document2 Link" true true false 254 Text 0 0,First,#,BOEM MHK Leases and Planning Areas,LEASE_DOCUMENT2,0,254;MMS_REGION "MMS_REGION" true true false 1 Text 0 0,First,#,BOEM MHK Leases and Planning Areas,MMS_REGION,0,1;CATEGORY1 "Category 1" true true false 255 Text 0 0,First,#,BOEM MHK Leases and Planning Areas,CATEGORY1,0,255;Shape__Area "Shape.STArea()" false true true 0 Double 0 0,First,#,BOEM MHK Leases and Planning Areas,Shape__Area,-1,-1;Shape__Length "Shape.STLength()" false true true 0 Double 0 0,First,#,BOEM MHK Leases and Planning Areas,Shape__Length,-1,-1" #</Process><Process ToolSource="c:\program files\arcgis\pro\Resources\ArcToolbox\toolboxes\Data Management Tools.tbx\UpdateSchema" Date="20220429" Time="115035">UpdateSchema "CIMDATA=&lt;CIMStandardDataConnection xsi:type='typens:CIMStandardDataConnection' xmlns:xsi='http://www.w3.org/2001/XMLSchema-instance' xmlns:xs='http://www.w3.org/2001/XMLSchema' xmlns:typens='http://www.esri.com/schemas/ArcGIS/2.7.0'&gt;&lt;WorkspaceConnectionString&gt;DATABASE=C:\GIS Working\Offshore Wind Layers\BOEMWindLayers_4Download.gdb&lt;/WorkspaceConnectionString&gt;&lt;WorkspaceFactory&gt;FileGDB&lt;/WorkspaceFactory&gt;&lt;Dataset&gt;BOEM_MHKLeasesandPlanningAreas&lt;/Dataset&gt;&lt;DatasetType&gt;esriDTFeatureClass&lt;/DatasetType&gt;&lt;/CIMStandardDataConnection&gt;" &lt;operationSequence&gt;&lt;workflow&gt;&lt;DeleteField&gt;&lt;field_name&gt;Shape__Area&lt;/field_name&gt;&lt;field_name&gt;Shape__Length&lt;/field_name&gt;&lt;/DeleteField&gt;&lt;/workflow&gt;&lt;/operationSequence&gt;</Process><Process ToolSource="c:\program files\arcgis\pro\Resources\ArcToolbox\toolboxes\Data Management Tools.tbx\CopyFeatures" Date="20220429" Time="120808">CopyFeatures "C:\GIS Working\Offshore Wind Layers\BOEMWindLayers_4Download.gdb\BOEM_MHKLeasesandPlanningAreas" "C:\GIS Working\Offshore Wind Layers\ShapefileExport\Current\BOEM_MHKLeasesandPlanningAreas.shp" # # # #</Process></lineage></DataProperties><SyncDate>20220429</SyncDate><SyncTime>12080800</SyncTime><ModDate>20220429</ModDate><ModTime>12080800</ModTime></Esri><dataIdInfo><envirDesc Sync="TRUE">Microsoft Windows 10 Version 10.0 (Build 19042) ; Esri ArcGIS 12.7.0.26828</envirDesc><dataLang><languageCode value="eng" Sync="TRUE"></languageCode><countryCode value="USA" Sync="TRUE"></countryCode></dataLang><idCitation><resTitle Sync="TRUE">BOEM_MHKLeasesandPlanningAreas</resTitle><presForm><PresFormCd value="005" Sync="TRUE"></PresFormCd></presForm></idCitation><spatRpType><SpatRepTypCd value="001" Sync="TRUE"></SpatRepTypCd></spatRpType></dataIdInfo><mdLang><languageCode value="eng" Sync="TRUE"></languageCode><countryCode value="USA" Sync="TRUE"></countryCode></mdLang><mdChar><CharSetCd value="004" Sync="TRUE"></CharSetCd></mdChar><distInfo><distFormat><formatName Sync="TRUE">Shapefile</formatName></distFormat><distTranOps><transSize Sync="TRUE">0.000</transSize></distTranOps></distInfo><mdHrLv><ScopeCd value="005" Sync="TRUE"></ScopeCd></mdHrLv><mdHrLvName Sync="TRUE">dataset</mdHrLvName><refSysInfo><RefSystem><refSysID><identCode code="4326" Sync="TRUE"></identCode><idCodeSpace Sync="TRUE">EPSG</idCodeSpace><idVersion Sync="TRUE">6.2(3.0.1)</idVersion></refSysID></RefSystem></refSysInfo><spatRepInfo><VectSpatRep><geometObjs Name="BOEM_MHKLeasesandPlanningAreas"><geoObjTyp><GeoObjTypCd value="002" Sync="TRUE"></GeoObjTypCd></geoObjTyp><geoObjCnt Sync="TRUE">0</geoObjCnt></geometObjs><topLvl><TopoLevCd value="001" Sync="TRUE"></TopoLevCd></topLvl></VectSpatRep></spatRepInfo><spdoinfo><ptvctinf><esriterm Name="BOEM_MHKLeasesandPlanningAreas"><efeatyp Sync="TRUE">Simple</efeatyp><efeageom code="4" Sync="TRUE"></efeageom><esritopo Sync="TRUE">FALSE</esritopo><efeacnt Sync="TRUE">0</efeacnt><spindex Sync="TRUE">FALSE</spindex><linrefer Sync="TRUE">FALSE</linrefer></esriterm></ptvctinf></spdoinfo><eainfo><detailed Name="BOEM_MHKLeasesandPlanningAreas"><enttyp><enttypl Sync="TRUE">BOEM_MHKLeasesandPlanningAreas</enttypl><enttypt Sync="TRUE">Feature Class</enttypt><enttypc Sync="TRUE">0</enttypc></enttyp><attr><attrlabl Sync="TRUE">FID</attrlabl><attalias Sync="TRUE">FID</attalias><attrtype Sync="TRUE">OID</attrtype><attwidth Sync="TRUE">4</attwidth><atprecis Sync="TRUE">0</atprecis><attscale Sync="TRUE">0</attscale><attrdef Sync="TRUE">Internal feature number.</attrdef><attrdefs Sync="TRUE">Esri</attrdefs><attrdomv><udom Sync="TRUE">Sequential unique whole numbers that are automatically generated.</udom></attrdomv></attr><attr><attrlabl Sync="TRUE">Shape</attrlabl><attalias Sync="TRUE">Shape</attalias><attrtype Sync="TRUE">Geometry</attrtype><attwidth Sync="TRUE">0</attwidth><atprecis Sync="TRUE">0</atprecis><attscale Sync="TRUE">0</attscale><attrdef Sync="TRUE">Feature geometry.</attrdef><attrdefs Sync="TRUE">Esri</attrdefs><attrdomv><udom Sync="TRUE">Coordinates defining the features.</udom></attrdomv></attr><attr><attrlabl Sync="TRUE">LEASE_NUMB</attrlabl><attalias Sync="TRUE">LEASE_NUMB</attalias><attrtype Sync="TRUE">String</attrtype><attwidth Sync="TRUE">50</attwidth><atprecis Sync="TRUE">0</atprecis><attscale Sync="TRUE">0</attscale></attr><attr><attrlabl Sync="TRUE">LEASE_TYPE</attrlabl><attalias Sync="TRUE">LEASE_TYPE</attalias><attrtype Sync="TRUE">String</attrtype><attwidth Sync="TRUE">50</attwidth><atprecis Sync="TRUE">0</atprecis><attscale Sync="TRUE">0</attscale></attr><attr><attrlabl Sync="TRUE">RESOURCE</attrlabl><attalias Sync="TRUE">RESOURCE</attalias><attrtype Sync="TRUE">String</attrtype><attwidth Sync="TRUE">50</attwidth><atprecis Sync="TRUE">0</atprecis><attscale Sync="TRUE">0</attscale></attr><attr><attrlabl Sync="TRUE">COMPANY</attrlabl><attalias Sync="TRUE">COMPANY</attalias><attrtype Sync="TRUE">String</attrtype><attwidth Sync="TRUE">80</attwidth><atprecis Sync="TRUE">0</atprecis><attscale Sync="TRUE">0</attscale></attr><attr><attrlabl Sync="TRUE">LEASE_NU_1</attrlabl><attalias Sync="TRUE">LEASE_NU_1</attalias><attrtype Sync="TRUE">String</attrtype><attwidth Sync="TRUE">200</attwidth><atprecis Sync="TRUE">0</atprecis><attscale Sync="TRUE">0</attscale></attr><attr><attrlabl Sync="TRUE">LEASE_DATE</attrlabl><attalias Sync="TRUE">LEASE_DATE</attalias><attrtype Sync="TRUE">String</attrtype><attwidth Sync="TRUE">20</attwidth><atprecis Sync="TRUE">0</atprecis><attscale Sync="TRUE">0</attscale></attr><attr><attrlabl Sync="TRUE">LEASE_TERM</attrlabl><attalias Sync="TRUE">LEASE_TERM</attalias><attrtype Sync="TRUE">String</attrtype><attwidth Sync="TRUE">50</attwidth><atprecis Sync="TRUE">0</atprecis><attscale Sync="TRUE">0</attscale></attr><attr><attrlabl Sync="TRUE">PROJECT_EA</attrlabl><attalias Sync="TRUE">PROJECT_EA</attalias><attrtype Sync="TRUE">String</attrtype><attwidth Sync="TRUE">50</attwidth><atprecis Sync="TRUE">0</atprecis><attscale Sync="TRUE">0</attscale></attr><attr><attrlabl Sync="TRUE">STATE</attrlabl><attalias Sync="TRUE">STATE</attalias><attrtype Sync="TRUE">String</attrtype><attwidth Sync="TRUE">50</attwidth><atprecis Sync="TRUE">0</atprecis><attscale Sync="TRUE">0</attscale></attr><attr><attrlabl Sync="TRUE">PROTRACTIO</attrlabl><attalias Sync="TRUE">PROTRACTIO</attalias><attrtype Sync="TRUE">String</attrtype><attwidth Sync="TRUE">7</attwidth><atprecis Sync="TRUE">0</atprecis><attscale Sync="TRUE">0</attscale></attr><attr><attrlabl Sync="TRUE">PROTRACT_1</attrlabl><attalias Sync="TRUE">PROTRACT_1</attalias><attrtype Sync="TRUE">String</attrtype><attwidth Sync="TRUE">50</attwidth><atprecis Sync="TRUE">0</atprecis><attscale Sync="TRUE">0</attscale></attr><attr><attrlabl Sync="TRUE">BLOCK_NUMB</attrlabl><attalias Sync="TRUE">BLOCK_NUMB</attalias><attrtype Sync="TRUE">String</attrtype><attwidth Sync="TRUE">6</attwidth><atprecis Sync="TRUE">0</atprecis><attscale Sync="TRUE">0</attscale></attr><attr><attrlabl Sync="TRUE">BLOCK_LABE</attrlabl><attalias Sync="TRUE">BLOCK_LABE</attalias><attrtype Sync="TRUE">String</attrtype><attwidth Sync="TRUE">6</attwidth><atprecis Sync="TRUE">0</atprecis><attscale Sync="TRUE">0</attscale></attr><attr><attrlabl Sync="TRUE">SUB_BLOCK</attrlabl><attalias Sync="TRUE">SUB_BLOCK</attalias><attrtype Sync="TRUE">String</attrtype><attwidth Sync="TRUE">5</attwidth><atprecis Sync="TRUE">0</atprecis><attscale Sync="TRUE">0</attscale></attr><attr><attrlabl Sync="TRUE">ADDITIONAL</attrlabl><attalias Sync="TRUE">ADDITIONAL</attalias><attrtype Sync="TRUE">String</attrtype><attwidth Sync="TRUE">250</attwidth><atprecis Sync="TRUE">0</atprecis><attscale Sync="TRUE">0</attscale></attr><attr><attrlabl Sync="TRUE">LEASE_DOCU</attrlabl><attalias Sync="TRUE">LEASE_DOCU</attalias><attrtype Sync="TRUE">String</attrtype><attwidth Sync="TRUE">254</attwidth><atprecis Sync="TRUE">0</atprecis><attscale Sync="TRUE">0</attscale></attr><attr><attrlabl Sync="TRUE">LEASE_DO_1</attrlabl><attalias Sync="TRUE">LEASE_DO_1</attalias><attrtype Sync="TRUE">String</attrtype><attwidth Sync="TRUE">254</attwidth><atprecis Sync="TRUE">0</atprecis><attscale Sync="TRUE">0</attscale></attr><attr><attrlabl Sync="TRUE">MMS_REGION</attrlabl><attalias Sync="TRUE">MMS_REGION</attalias><attrtype Sync="TRUE">String</attrtype><attwidth Sync="TRUE">1</attwidth><atprecis Sync="TRUE">0</atprecis><attscale Sync="TRUE">0</attscale></attr><attr><attrlabl Sync="TRUE">CATEGORY1</attrlabl><attalias Sync="TRUE">CATEGORY1</attalias><attrtype Sync="TRUE">String</attrtype><attwidth Sync="TRUE">254</attwidth><atprecis Sync="TRUE">0</atprecis><attscale Sync="TRUE">0</attscale></attr><attr><attrlabl Sync="TRUE">Shape_Leng</attrlabl><attalias Sync="TRUE">Shape_Leng</attalias><attrtype Sync="TRUE">Double</attrtype><attwidth Sync="TRUE">19</attwidth><atprecis Sync="TRUE">0</atprecis><attscale Sync="TRUE">0</attscale></attr><attr><attrlabl Sync="TRUE">Shape_Area</attrlabl><attalias Sync="TRUE">Shape_Area</attalias><attrtype Sync="TRUE">Double</attrtype><attwidth Sync="TRUE">19</attwidth><atprecis Sync="TRUE">0</atprecis><attscale Sync="TRUE">0</attscale><attrdef Sync="TRUE">Area of feature in internal units squared.</attrdef><attrdefs Sync="TRUE">Esri</attrdefs><attrdomv><udom Sync="TRUE">Positive real numbers that are automatically generated.</udom></attrdomv></attr></detailed></eainfo><mdDateSt Sync="TRUE">20220429</mdDateSt></metadata>
