<metadata xml:lang="en"><Esri><CreaDate>20220429</CreaDate><CreaTime>09021400</CreaTime><ArcGISFormat>1.0</ArcGISFormat><SyncOnce>FALSE</SyncOnce><DataProperties><itemProps><itemName Sync="TRUE">BOEMWindPlanningAreas_4_29_2022</itemName><imsContentType Sync="TRUE">002</imsContentType><itemLocation><linkage Sync="TRUE">file://\\IOEVASTLT052117\C$\GIS Working\Offshore Wind Layers\ShapefileExport\Current\BOEMWindPlanningAreas_4_29_2022.shp</linkage><protocol Sync="TRUE">Local Area Network</protocol></itemLocation><itemSize Sync="TRUE">0.000</itemSize></itemProps><coordRef><type Sync="TRUE">Geographic</type><geogcsn Sync="TRUE">GCS_WGS_1984</geogcsn><csUnits Sync="TRUE">Angular Unit: Degree (0.017453)</csUnits><peXml Sync="TRUE">&lt;GeographicCoordinateSystem xsi:type='typens:GeographicCoordinateSystem' xmlns:xsi='http://www.w3.org/2001/XMLSchema-instance' xmlns:xs='http://www.w3.org/2001/XMLSchema' xmlns:typens='http://www.esri.com/schemas/ArcGIS/2.7.0'&gt;&lt;WKT&gt;GEOGCS[&amp;quot;GCS_WGS_1984&amp;quot;,DATUM[&amp;quot;D_WGS_1984&amp;quot;,SPHEROID[&amp;quot;WGS_1984&amp;quot;,6378137.0,298.257223563]],PRIMEM[&amp;quot;Greenwich&amp;quot;,0.0],UNIT[&amp;quot;Degree&amp;quot;,0.0174532925199433],AUTHORITY[&amp;quot;EPSG&amp;quot;,4326]]&lt;/WKT&gt;&lt;XOrigin&gt;-400&lt;/XOrigin&gt;&lt;YOrigin&gt;-400&lt;/YOrigin&gt;&lt;XYScale&gt;11258999068426.238&lt;/XYScale&gt;&lt;ZOrigin&gt;-100000&lt;/ZOrigin&gt;&lt;ZScale&gt;10000&lt;/ZScale&gt;&lt;MOrigin&gt;-100000&lt;/MOrigin&gt;&lt;MScale&gt;10000&lt;/MScale&gt;&lt;XYTolerance&gt;8.983152841195215e-09&lt;/XYTolerance&gt;&lt;ZTolerance&gt;0.001&lt;/ZTolerance&gt;&lt;MTolerance&gt;0.001&lt;/MTolerance&gt;&lt;HighPrecision&gt;true&lt;/HighPrecision&gt;&lt;LeftLongitude&gt;-180&lt;/LeftLongitude&gt;&lt;WKID&gt;4326&lt;/WKID&gt;&lt;LatestWKID&gt;4326&lt;/LatestWKID&gt;&lt;/GeographicCoordinateSystem&gt;</peXml></coordRef><lineage><Process ToolSource="c:\program files\arcgis\pro\Resources\ArcToolbox\toolboxes\Conversion Tools.tbx\FeatureClassToFeatureClass" Date="20220429" Time="090219">FeatureClassToFeatureClass "Wind Planning Areas (BOEM)" "C:\GIS Working\Offshore Wind Layers\BOEMWindLayers_4Download.gdb" BOEMWindPlanningAreas_4_29_2022 # "PROTRACTION_NUMBER "Protraction Number" true true false 10 Text 0 0,First,#,Wind Planning Areas (BOEM),PROTRACTION_NUMBER,0,10;BLOCK_NUMBER "Block Number" true true false 10 Text 0 0,First,#,Wind Planning Areas (BOEM),BLOCK_NUMBER,0,10;BLOCK_LABEL "Block Label" true true false 6 Text 0 0,First,#,Wind Planning Areas (BOEM),BLOCK_LABEL,0,6;SUB_BLOCK "Sub Block" true true false 5 Text 0 0,First,#,Wind Planning Areas (BOEM),SUB_BLOCK,0,5;ADDITIONAL_INFORMATION "Additional Information" true true false 250 Text 0 0,First,#,Wind Planning Areas (BOEM),ADDITIONAL_INFORMATION,0,250;CATEGORY1 "Category 1" true true false 50 Text 0 0,First,#,Wind Planning Areas (BOEM),CATEGORY1,0,50;CATEGORY2 "Category 2" true true false 6 Text 0 0,First,#,Wind Planning Areas (BOEM),CATEGORY2,0,6;URL1 "URL 1" true true false 250 Text 0 0,First,#,Wind Planning Areas (BOEM),URL1,0,250;URL2 "URL 2" true true false 250 Text 0 0,First,#,Wind Planning Areas (BOEM),URL2,0,250;Shape__Area "Shape.STArea()" false true true 0 Double 0 0,First,#,Wind Planning Areas (BOEM),Shape__Area,-1,-1;Shape__Length "Shape.STLength()" false true true 0 Double 0 0,First,#,Wind Planning Areas (BOEM),Shape__Length,-1,-1" #</Process><Process ToolSource="c:\program files\arcgis\pro\Resources\ArcToolbox\toolboxes\Data Management Tools.tbx\UpdateSchema" Date="20220429" Time="115108">UpdateSchema "CIMDATA=&lt;CIMStandardDataConnection xsi:type='typens:CIMStandardDataConnection' xmlns:xsi='http://www.w3.org/2001/XMLSchema-instance' xmlns:xs='http://www.w3.org/2001/XMLSchema' xmlns:typens='http://www.esri.com/schemas/ArcGIS/2.7.0'&gt;&lt;WorkspaceConnectionString&gt;DATABASE=C:\GIS Working\Offshore Wind Layers\BOEMWindLayers_4Download.gdb&lt;/WorkspaceConnectionString&gt;&lt;WorkspaceFactory&gt;FileGDB&lt;/WorkspaceFactory&gt;&lt;Dataset&gt;BOEMWindPlanningAreas_4_29_2022&lt;/Dataset&gt;&lt;DatasetType&gt;esriDTFeatureClass&lt;/DatasetType&gt;&lt;/CIMStandardDataConnection&gt;" &lt;operationSequence&gt;&lt;workflow&gt;&lt;DeleteField&gt;&lt;field_name&gt;Shape__Area&lt;/field_name&gt;&lt;field_name&gt;Shape__Length&lt;/field_name&gt;&lt;/DeleteField&gt;&lt;/workflow&gt;&lt;/operationSequence&gt;</Process><Process ToolSource="c:\program files\arcgis\pro\Resources\ArcToolbox\toolboxes\Conversion Tools.tbx\FeatureClassToFeatureClass" Date="20220429" Time="124828">FeatureClassToFeatureClass "BOEM Wind Planning Areas" "C:\GIS Working\Offshore Wind Layers\BOEMWindLayers_4Download.gdb" BOEMWindPlanningAreas_4_29_2022b # "PROTRACTION_NUMBER "Protraction Number" true true false 10 Text 0 0,First,#,BOEM Wind Planning Areas,PROTRACTION_NUMBER,0,10;BLOCK_NUMBER "Block Number" true true false 10 Text 0 0,First,#,BOEM Wind Planning Areas,BLOCK_NUMBER,0,10;BLOCK_LABEL "Block Label" true true false 6 Text 0 0,First,#,BOEM Wind Planning Areas,BLOCK_LABEL,0,6;SUB_BLOCK "Sub Block" true true false 5 Text 0 0,First,#,BOEM Wind Planning Areas,SUB_BLOCK,0,5;ADDITIONAL_INFORMATION "Additional Information" true true false 250 Text 0 0,First,#,BOEM Wind Planning Areas,ADDITIONAL_INFORMATION,0,250;CATEGORY1 "Category 1" true true false 50 Text 0 0,First,#,BOEM Wind Planning Areas,CATEGORY1,0,50;CATEGORY2 "Category 2" true true false 6 Text 0 0,First,#,BOEM Wind Planning Areas,CATEGORY2,0,6;URL1 "URL 1" true true false 250 Text 0 0,First,#,BOEM Wind Planning Areas,URL1,0,250;URL2 "URL 2" true true false 250 Text 0 0,First,#,BOEM Wind Planning Areas,URL2,0,250;Shape_Length "Shape_Length" false true true 8 Double 0 0,First,#,BOEM Wind Planning Areas,Shape_Length,-1,-1;Shape_Area "Shape_Area" false true true 8 Double 0 0,First,#,BOEM Wind Planning Areas,Shape_Area,-1,-1" #</Process><Process ToolSource="c:\program files\arcgis\pro\Resources\ArcToolbox\toolboxes\Data Management Tools.tbx\Rename" Date="20220429" Time="124910">Rename "C:\GIS Working\Offshore Wind Layers\BOEMWindLayers_4Download.gdb\BOEMWindPlanningAreas_4_29_2022b" "C:\GIS Working\Offshore Wind Layers\BOEMWindLayers_4Download.gdb\BOEMWindPlanningAreas_4_29_2022" FeatureClass</Process><Process ToolSource="c:\program files\arcgis\pro\Resources\ArcToolbox\toolboxes\Data Management Tools.tbx\CopyFeatures" Date="20220429" Time="131413">CopyFeatures "C:\GIS Working\Offshore Wind Layers\BOEMWindLayers_4Download.gdb\BOEMWindPlanningAreas_4_29_2022" "C:\GIS Working\Offshore Wind Layers\ShapefileExport\Current\BOEMWindPlanningAreas_4_29_2022.shp" # # # #</Process></lineage></DataProperties><SyncDate>20220429</SyncDate><SyncTime>13141300</SyncTime><ModDate>20220429</ModDate><ModTime>13141300</ModTime></Esri><dataIdInfo><envirDesc Sync="TRUE">Microsoft Windows 10 Version 10.0 (Build 19042) ; Esri ArcGIS 12.7.0.26828</envirDesc><dataLang><languageCode value="eng" Sync="TRUE"></languageCode><countryCode value="USA" Sync="TRUE"></countryCode></dataLang><idCitation><resTitle Sync="TRUE">BOEMWindPlanningAreas_4_29_2022</resTitle><presForm><PresFormCd value="005" Sync="TRUE"></PresFormCd></presForm></idCitation><spatRpType><SpatRepTypCd value="001" Sync="TRUE"></SpatRepTypCd></spatRpType></dataIdInfo><mdLang><languageCode value="eng" Sync="TRUE"></languageCode><countryCode value="USA" Sync="TRUE"></countryCode></mdLang><mdChar><CharSetCd value="004" Sync="TRUE"></CharSetCd></mdChar><distInfo><distFormat><formatName Sync="TRUE">Shapefile</formatName></distFormat><distTranOps><transSize Sync="TRUE">0.000</transSize></distTranOps></distInfo><mdHrLv><ScopeCd value="005" Sync="TRUE"></ScopeCd></mdHrLv><mdHrLvName Sync="TRUE">dataset</mdHrLvName><refSysInfo><RefSystem><refSysID><identCode code="4326" Sync="TRUE"></identCode><idCodeSpace Sync="TRUE">EPSG</idCodeSpace><idVersion Sync="TRUE">6.2(3.0.1)</idVersion></refSysID></RefSystem></refSysInfo><spatRepInfo><VectSpatRep><geometObjs Name="BOEMWindPlanningAreas_4_29_2022"><geoObjTyp><GeoObjTypCd value="002" Sync="TRUE"></GeoObjTypCd></geoObjTyp><geoObjCnt Sync="TRUE">0</geoObjCnt></geometObjs><topLvl><TopoLevCd value="001" Sync="TRUE"></TopoLevCd></topLvl></VectSpatRep></spatRepInfo><spdoinfo><ptvctinf><esriterm Name="BOEMWindPlanningAreas_4_29_2022"><efeatyp Sync="TRUE">Simple</efeatyp><efeageom code="4" Sync="TRUE"></efeageom><esritopo Sync="TRUE">FALSE</esritopo><efeacnt Sync="TRUE">0</efeacnt><spindex Sync="TRUE">FALSE</spindex><linrefer Sync="TRUE">FALSE</linrefer></esriterm></ptvctinf></spdoinfo><eainfo><detailed Name="BOEMWindPlanningAreas_4_29_2022"><enttyp><enttypl Sync="TRUE">BOEMWindPlanningAreas_4_29_2022</enttypl><enttypt Sync="TRUE">Feature Class</enttypt><enttypc Sync="TRUE">0</enttypc></enttyp><attr><attrlabl Sync="TRUE">FID</attrlabl><attalias Sync="TRUE">FID</attalias><attrtype Sync="TRUE">OID</attrtype><attwidth Sync="TRUE">4</attwidth><atprecis Sync="TRUE">0</atprecis><attscale Sync="TRUE">0</attscale><attrdef Sync="TRUE">Internal feature number.</attrdef><attrdefs Sync="TRUE">Esri</attrdefs><attrdomv><udom Sync="TRUE">Sequential unique whole numbers that are automatically generated.</udom></attrdomv></attr><attr><attrlabl Sync="TRUE">Shape</attrlabl><attalias Sync="TRUE">Shape</attalias><attrtype Sync="TRUE">Geometry</attrtype><attwidth Sync="TRUE">0</attwidth><atprecis Sync="TRUE">0</atprecis><attscale Sync="TRUE">0</attscale><attrdef Sync="TRUE">Feature geometry.</attrdef><attrdefs Sync="TRUE">Esri</attrdefs><attrdomv><udom Sync="TRUE">Coordinates defining the features.</udom></attrdomv></attr><attr><attrlabl Sync="TRUE">PROTRACTIO</attrlabl><attalias Sync="TRUE">PROTRACTIO</attalias><attrtype Sync="TRUE">String</attrtype><attwidth Sync="TRUE">10</attwidth><atprecis Sync="TRUE">0</atprecis><attscale Sync="TRUE">0</attscale></attr><attr><attrlabl Sync="TRUE">BLOCK_NUMB</attrlabl><attalias Sync="TRUE">BLOCK_NUMB</attalias><attrtype Sync="TRUE">String</attrtype><attwidth Sync="TRUE">10</attwidth><atprecis Sync="TRUE">0</atprecis><attscale Sync="TRUE">0</attscale></attr><attr><attrlabl Sync="TRUE">BLOCK_LABE</attrlabl><attalias Sync="TRUE">BLOCK_LABE</attalias><attrtype Sync="TRUE">String</attrtype><attwidth Sync="TRUE">6</attwidth><atprecis Sync="TRUE">0</atprecis><attscale Sync="TRUE">0</attscale></attr><attr><attrlabl Sync="TRUE">SUB_BLOCK</attrlabl><attalias Sync="TRUE">SUB_BLOCK</attalias><attrtype Sync="TRUE">String</attrtype><attwidth Sync="TRUE">5</attwidth><atprecis Sync="TRUE">0</atprecis><attscale Sync="TRUE">0</attscale></attr><attr><attrlabl Sync="TRUE">ADDITIONAL</attrlabl><attalias Sync="TRUE">ADDITIONAL</attalias><attrtype Sync="TRUE">String</attrtype><attwidth Sync="TRUE">250</attwidth><atprecis Sync="TRUE">0</atprecis><attscale Sync="TRUE">0</attscale></attr><attr><attrlabl Sync="TRUE">CATEGORY1</attrlabl><attalias Sync="TRUE">CATEGORY1</attalias><attrtype Sync="TRUE">String</attrtype><attwidth Sync="TRUE">50</attwidth><atprecis Sync="TRUE">0</atprecis><attscale Sync="TRUE">0</attscale></attr><attr><attrlabl Sync="TRUE">CATEGORY2</attrlabl><attalias Sync="TRUE">CATEGORY2</attalias><attrtype Sync="TRUE">String</attrtype><attwidth Sync="TRUE">6</attwidth><atprecis Sync="TRUE">0</atprecis><attscale Sync="TRUE">0</attscale></attr><attr><attrlabl Sync="TRUE">URL1</attrlabl><attalias Sync="TRUE">URL1</attalias><attrtype Sync="TRUE">String</attrtype><attwidth Sync="TRUE">250</attwidth><atprecis Sync="TRUE">0</atprecis><attscale Sync="TRUE">0</attscale></attr><attr><attrlabl Sync="TRUE">URL2</attrlabl><attalias Sync="TRUE">URL2</attalias><attrtype Sync="TRUE">String</attrtype><attwidth Sync="TRUE">250</attwidth><atprecis Sync="TRUE">0</atprecis><attscale Sync="TRUE">0</attscale></attr><attr><attrlabl Sync="TRUE">Shape_Leng</attrlabl><attalias Sync="TRUE">Shape_Leng</attalias><attrtype Sync="TRUE">Double</attrtype><attwidth Sync="TRUE">19</attwidth><atprecis Sync="TRUE">0</atprecis><attscale Sync="TRUE">0</attscale></attr><attr><attrlabl Sync="TRUE">Shape_Area</attrlabl><attalias Sync="TRUE">Shape_Area</attalias><attrtype Sync="TRUE">Double</attrtype><attwidth Sync="TRUE">19</attwidth><atprecis Sync="TRUE">0</atprecis><attscale Sync="TRUE">0</attscale><attrdef Sync="TRUE">Area of feature in internal units squared.</attrdef><attrdefs Sync="TRUE">Esri</attrdefs><attrdomv><udom Sync="TRUE">Positive real numbers that are automatically generated.</udom></attrdomv></attr></detailed></eainfo><mdDateSt Sync="TRUE">20220429</mdDateSt></metadata>
